Phylum,学名,图片,标签,简介,详细介绍
archaeocyatha,古杯动物门,https://timgsa.baidu.com/timg?image&quality=80&size=b9999_10000&sec=1492625020492&di=abaab9aeafe657cda281844de3d7dd3b&imgtype=0&src=http%3A%2F%2Fzs2.poluoluo.com%2Fd3%2FUploadFiles_4831%2F201104%2F2011040115370265.gif,自然 生物物种 动物,古杯动物是一门已绝灭的浅海底栖的多细胞生物,其单体外形酷似杯状，故名“古杯”。古杯动物的生物的归属尚有争议，曾被视为海绵一类的多孔动物，现在一般视为一个独立的动物门。该门生物出现于寒武纪早期，并于晚期灭绝。
porifera,多孔动物门,https://timgsa.baidu.com/timg?image&quality=80&size=b9999_10000&sec=1492625040144&di=e12e529feed56887fa34938d62a94285&imgtype=0&src=http%3A%2F%2Fimg5.iqilu.com%2Fc%2Fu%2F2015%2F0504%2F1430708243924.jpg,自然 生物物种 动物,多孔动物门（学名：Porifera）为原始的多细胞生物，也称海绵动物门（Spongiatia或Spongia），一般称为海绵。,"海绵没有神经、消化和循环系统，相反，它们大多依靠海水流过自己的身体来获得食物和氧气并消除废物，就像海底中的滤水器。海绵动物体壁上有很多小孔（入水孔），游离的一端有大孔开口。海绵的体型多种多样，小的不过几克，大的却有45公斤，最大的海绵跨度能有4.2米。海绵的颜色同样是丰富多彩。细胞虽已开始分化，但未形成组织和器官，也没有形成真正的胚层（见内胚层、中胚层或外胚层）；体壁由内、外两层细胞构成。外层细胞扁平，称皮层（扁细胞层）；内层细胞称胃层（襟细胞层），生有鞭毛，多数具有原生质领，称“领细胞”（choanocytes），主要行摄食和细胞内消化的作用；入水孔通入体内的沟道，与领细胞组成鞭毛室和出水口组成复杂的沟道系统。含有食饵的海水，由于内层细胞鞭毛的不断振动，从入水孔流入体内，不消化的东西随着海水从顶端的出水口排出体外。在内、外两层细胞之间，还有一层中胶层，其中有像变形虫的游离细胞、生殖细胞、造骨细胞、海绵丝细胞等。海绵动物体壁内多具有支持的针状骨骼，称内骨骼（Endoskeleton），由胶原蛋白（collagen）、碳酸钙（CaCO3）和二氧化硅（SiO2）组成。海绵没有神经系统，但海绵细胞共同捕食、分工消化，所以被认为是动物界器官形成的开始。大多为雌雄同体（Hermaphroditic)"
placozoa,扁盘动物门,https://timgsa.baidu.com/timg?image&quality=80&size=b9999_10000&sec=1493298902&di=5e357c2b74d1c69470b3f6122123e1b3&imgtype=jpg&er=1&src=http%3A%2F%2Fa3.att.hudong.com%2F54%2F99%2F300000057127130760995678460_950.jpg,自然 生物物种 动物,扁盘动物门（学名：Placozoa）是无脊椎动物的基群。扁盘动物是结构最简单的非寄生多细胞动物。,扁盘动物与多孔动物门的动物一样，与动物界其他动物之间缺乏关联性，被认为是最接近合胞体假说中预测的多细胞动物始祖。扁盘动物门由德国原生动物学家Karl Gottlieb Grell (1912-1994)于1971年建立。一般认为仅有黏丝盘虫（Trichoplax adhaerens）一个种，不过有足够的基因歧异度表明可能有多个形态上相似的种。
monoblastozoa,单胚动物门,http://e.hiphotos.baidu.com/baike/w%3D268%3Bg%3D0/sign=2572f73882025aafd33279cdc3d6cc59/4a36acaf2edda3cc88b809d801e93901203f92ee.jpg,自然 生物物种 动物,单胚动物门是动物界生物分类法的一个门，这种类的生物只有咸水虫 (S. salve)一种。1892年由J. Frenzel 于阿根廷发现，自此再没有被发现过。,咸水虫是一种是否存在还有争议的动物，被单独划分到单胚动物门（该门只有这一个种）之下。由J. Frenzel 1892年在阿根廷的一个盐田中发现，并在实验室中被培养。之后该物种再也没有被发现，因此其存在受到质疑。咸水虫比原生动物结构更复杂，但仍然是简单的多细胞生物，其最大的特点是头尾处（尤其是口和肝门部分）有稠密的纤毛；只有一层外表皮细胞，可以通过横向的分裂进行无性繁殖，没有存在的证据可以证明它可以进行有性繁殖。一种分类方法将单胚动物门归在中生动物亚界之下，而事实上中生动物是多系群且单胚动物门与中生动物门中的另外两个门（菱形动物门和直泳动物门）存在显著的差异。
ctenophora,栉水母动物门,https://timgsa.baidu.com/timg?image&quality=80&size=b9999_10000&sec=1492625192657&di=dbb0e5873acba854e6153500020998f8&imgtype=0&src=http%3A%2F%2Fa0.att.hudong.com%2F07%2F94%2F300000057127130760941823111.jpg,自然 生物物种 动物,栉水母（学名：Ctenophora），又名海胡桃，是一类两胚层动物，属辐射对称动物，现被划分为栉水母动物门。原和刺胞动物一起分在腔肠动物门，作为无刺胞亚门，现分出。,有较发达的中胶层，拥有简单的网状神经系统和肌肉系统。两胚层；伞缘下延，向内收缩，致身体成球形、卵圆形、扁平形等，体外具有栉板排列成纵行的纤毛带8条，触手没有刺细胞；身体左右对称或呈辐射对称，胶质厚而透明，游泳时振动栉板；反口极有一平衡感觉器；没有胃丝。生物学上，栉水母与水母为不同门，因栉水母并无刺胞。通过全基因组测序，发现栉水母是最古老的多细胞动物，而很多结构远比栉水母简单的生物（如海绵生物门，也叫多孔动物门，以及扁盘生物，这些生物都有一定的细胞分化，没有组织分化，没有形成胚层，没有神经系统，没有肌肉系统），反而与高等生物关系更近。从基因组和转录组分析，最早的多细胞生物祖先没有神经系统和肌肉系统，栉水母和水母发生了趋同进化，两者独立的进化出了神经系统。 栉水母的神经发育及运作的基础机制不同于水母。例如，水母及其他高等动物中神经系统发育关键基因在栉水母中都不存在。同样，栉水母也不使用水母及其他动物常用的神经递质，如多巴胺，乙酰胆碱，血清素等。于此同时，栉水母依赖使用谷氨酸作为最主要的神经递质，尽管其他动物同样使用谷氨酸作为神经递质，但栉水母中谷氨酸受体基因远比其他动物的多。由于其他动物的神经系统都是由原始水母的神经系统进化出来的，拥有与水母相同的基础机制，因此可以认为栉水母的神经系统是独立于其他动物的全新的神经系统。
cnidaria,刺胞动物门,https://timgsa.baidu.com/timg?image&quality=80&size=b9999_10000&sec=1492625208229&di=b4f10cd0c6880d1a5972e0c7fca177f9&imgtype=0&src=http%3A%2F%2Fa2.att.hudong.com%2F25%2F22%2F20300000057127130728226629980_02_250_250.jpg,自然 生物物种 动物,刺胞动物门（Cnidaria ），又名刺丝胞动物门，是动物界的一个门。除极少数种类为淡水生活外，绝大多数种均为海洋生活，大多数在浅海，有些在深海，现存种类大约有11000种。,"刺丝胞动物门动物有如下特点：大部分为肉食性，少部分种类获得能量来自于体内共生生物行光合作用得来的。其躯干呈辐射对称，水生，大多固着生活体壁有两层细胞组成，表皮和肠表皮，两者之间有一层凝胶状的中胶层，起支持作用。有肠腔，有一围口部（Peristom），既是口也是肛门。有超过20种的刺胞，刺丝胞中含有刺丝囊。刺丝囊一端的鬃样突起的刺针，受刺激时，激起刺丝囊排空。刺丝胞的表面有突出，胞体内有棍状结构。刺胞内有高尔机体分泌物质，在压力作用下会释放。在肠腔中进行胞外消化弥散的神经系统，呈网状水母体有感觉器官，能感受光和重力有雌雄同体或异体水母、珊瑚、海葵、水螅都被归类为刺丝胞动物。"
myxozoa,黏体动物门,https://timgsa.baidu.com/timg?image&quality=80&size=b9999_10000&sec=1492706497621&di=c0a6ff0a3be6e7431e6a0a7c9d517aea&imgtype=0&src=http%3A%2F%2Fa1.att.hudong.com%2F76%2F87%2F20300543460608144594873632626_s.jpg,自然 生物物种 动物,非常进化的刺胞动物门成员，而水母是其最近缘。,黏体动物（学名Myxozoa）是一类水中的寄生虫。其下已知有超过1300个物种，当中很多需要两个寄主，如鱼类及环节动物或外肛动物。粘孢子虫的孢子平均约有10-20微米大；而Malacosporea的孢子则达2毫米大。有瓣的孢子会造成感染。这些孢子内含有1-2个孢子母细胞及1个或以上的极囊，极囊内有极丝可以将孢子固定在寄主之上。孢子母细胞接着会被释放成为伪足孢子，可以穿透寄主的组织，发展成1个或以上的多核原生质团。某些核会再次组合，其中一个会吞噬另一个，形成新的孢子。
trilobozoa,三叶动物门,https://timgsa.baidu.com/timg?image&quality=80&size=b9999_10000&sec=1492707449052&di=da1202a40309d73e00278eef96795610&imgtype=0&src=http%3A%2F%2Fimg0.dili360.com%2Frw9%2Fga%2FM00%2F02%2FAA%2FwKgBzFQ26deAScnJAAVDd4T8hP8444.jpg,自然 生物物种 动物,三叶动物门（Trilobozoa），又名三裂动物门，是一个已经完全灭绝的动物门类，在分类上属辐射对称动物，身体呈特殊的三重对称结构。其化石仅出现于寒武纪大爆发之前的埃迪卡拉纪地层当中。,大多数的三叶动物呈盘状，其中以三星盘虫(Tribrachidium)[注 1]为代表。在互相比较之下，每种三叶动物在不同的生长阶段都发展出不同的“腕”的构造。
nematoda,线虫动物门,https://timgsa.baidu.com/timg?image&quality=80&size=b9999_10000&sec=1492626012661&di=a50a44490c8e278657d2aa25b3e9ce76&imgtype=0&src=http%3A%2F%2Fa4.att.hudong.com%2F36%2F26%2F31300542957414142621266297223.jpg,自然 生物物种 动物,线虫动物门（学名：Nematoda）是动物界中最大的门之一，为假体腔动物，绝大多数体小呈圆柱形，又称圆虫（roundworms）。,"线虫的物种很不容易区分，有相关描述的已超过二万五千种[2][3]，其中超过一半是寄生性的（包括许多植物及人类在内动物的病原体）[4]。线虫的物种数估计超过一百万种[5]，只有节肢动物比线虫更多样化。线虫的消化系统是有二个开口的管状消化系统，和刺胞动物门及扁形动物门不同。线虫几乎已适应了地球所有的生态系，从海洋（海水）到淡水、土壤、极地到赤道、也包括不同海拔高度的地区。它们在淡水、海水、陆地上随处可见，并在极端的环境如南极和海沟都可发现，其个体数量及物种个数会常常超过其他的动物，甚至在高山、沙漠、南极和海沟中都可以生存。在岩石圈每个部分都有线虫的存在[6]，甚至是在南非地下900米到3600米深的金矿坑表面也不例外[7][8] [9][10][6]。海床上有90%的动物是线虫[11]。线虫的数量众多，常常每立方米就有上百万个线虫，占地球所有动物的80%，线虫生命周期的多様性，在各种营养条件下都有存在，也使得他们在许多生态系统中有重要的影响[12]。有些线虫会有隐生的特性。线虫原先在1919年被Nathan Cobb命名为Nemata。后来，它们被降级为囊蠕虫中的一纲，最后才被重新分类至线虫动物门。"
nematomorpha,线形动物门,https://timgsa.baidu.com/timg?image&quality=80&size=b9999_10000&sec=1492626041268&di=86badf29a0869cd3979cf889376047fd&imgtype=0&src=http%3A%2F%2Fimg.ifeng.com%2Ftres%2Ffinance%2Fupload%2Fimages%2F2009%2F0525%2F095339%2F8_702139_0b3d02a29b26f067a2f25fcd7a7ed2a2.jpg,自然 生物物种 动物,线形虫动物门是动物界的一个门，这一类假体腔动物与线虫很相似，但成虫没有排泄器官、消化道退化。线形虫动物门大约有250种。,"线形虫动物门是动物界的一个门，这一类假体腔动物与线虫很相似，但成虫没有排泄器官、消化道退化。线形虫动物门大约有250种。线形虫动物门分为2个目：铁线虫目（Gordioidea）游线虫目（Nectonematoidea）游线虫属（Nectonema"
priapulida,鳃曳动物门,https://timgsa.baidu.com/timg?image&quality=80&size=b9999_10000&sec=1492705420024&di=2d5b905186c369e66a14a9d7d7024a0c&imgtype=0&src=http%3A%2F%2F1.im.guokr.com%2FyUW6V5wg7MBqFyEokAUvnr4tOgfz4HckrXNbNL7fQZeAAgAAqwEAAEpQ.jpg,自然 生物物种 动物,鳃曳动物门是动物界的一个门，是一小类海洋底栖动物，多分布在靠近两极地区的冷海中，在泥沙中或管居生活。身体虽然有体环，但是不分节。目前仅报导过10多种。,鳃曳动物门是动物界的一个门，是一小类海洋底栖动物，多分布在靠近两极地区的冷海中，在泥沙中或管居生活。身体虽然有体环，但是不分节。目前仅报导过10多种。
loricifera,铠甲动物门,https://timgsa.baidu.com/timg?image&quality=80&size=b10000_10000&sec=1492695412&di=b91a8a0383483535abc3f103c11d53ba&src=http://img.club.pchome.net/kdsarticle/2014/01small/14/060f7c7a96f156c8c960cfd0b3380d82_1000x750.jpg,自然 生物物种 动物,铠甲动物门(Loricifera)是生活在海洋中的一个门，这个门在1983年被莱因霍尔德发现。这种动物有头，嘴和消化系统，没有循环系统和内分泌系统。是假体腔动物（有嘴和肛门的动物）雌雄同体，卵生。,"铠甲动物门(Loricifera)是生活在海洋中的一个门，这个门在1983年被莱因霍尔德发现。这种动物有头，嘴和消化系统，没有循环系统和内分泌系统。是假体腔动物（有嘴和肛门的动物）雌雄同体，卵生。没有化石。2010年发现该门有无氧呼吸的物种。发育中经过一独特的Higgins幼虫，很像成体，但它有一对趾用于运动。它们的近亲是动吻动物门和鳃曳动物门。目前没有准确分类。"
kinorhyncha,动吻动物门,https://timgsa.baidu.com/timg?image&quality=80&size=b9999_10000&sec=1492626145369&di=5ad2c970773fc5e828eeeb75341e5aa7&imgtype=0&src=http%3A%2F%2Fwww.lnkp.gov.cn%2FUploadFile%2Fcut%2F201512%2F15120105355906.jpg,自然 生物物种 动物,动吻动物门是动物界的一个门。是一类生活在沿海底部泥沙中的、体表分节带（zonites）、无纤毛的假体腔动物。约有100种左右。例如动吻虫（Echinoderes）。,动吻动物门是动物界的一个门。是一类生活在沿海底部泥沙中的、体表分节带（zonites）、无纤毛的假体腔动物。约有100种左右。例如动吻虫（Echinoderes）。
tardigrada,缓步动物门,https://timgsa.baidu.com/timg?image&quality=80&size=b9999_10000&sec=1492626180435&di=54fd275103af4b7336e5aff5788996df&imgtype=0&src=http%3A%2F%2Fcjrb.cjn.cn%2Fimages%2F2014-01%2F31%2F8%2Fres07_attpic_brief.jpg,自然 生物物种 动物,缓步动物门是动物界的一个门，是俗称水熊虫（Water Bear）的一类小型动物，主要生活在淡水的沉渣、潮湿土壤以及苔藓植物的水膜中，少数种类生活在海水的潮间带。,缓步动物门是动物界的一个门，是俗称水熊虫（Water Bear）的一类小型动物，主要生活在淡水的沉渣、潮湿土壤以及苔藓植物的水膜中，少数种类生活在海水的潮间带。有记录的大约有750余种，其中许多种是世界性分布的。在喜马拉雅山脉（海拔6000米以上）或深海（海拔4000米以下）都可以找到它们的踪影。从此直至今天，人们对缓步动物在动物分类中的位置、形态学、生活方式、组织学以及其隐生性的研究兴趣就有增无减。缓步动物也是第一种已知可以在太空中生存的动物。
lobopodia,叶足动物门,http://p7.qhmsg.com/t010911d36c4081c99b.jpg,自然 生物物种 动物,叶足动物（Lobopodia）是可以追溯至早期寒武纪时代的动物，对于当中绝大部分至今仍然所知不多。此门下的动物具体节，有足，同时却很难被分类到节肢动物的范畴。,基本上这种动物就像“长著足的蠕虫”，外观上亦与其近亲很接近。当中大部分被认为与节肢动物及有爪动物有亲缘关系。叶足动物可能包括了奇虾、欧巴宾海蝎及一些似有爪动物的动物，如异虫(Xenusion)、微网虫(Microdictyon)、埃谢栉蚕(Aysheaia)、爪网虫(Onychodictyon)、贫腿虫(Paucipoda)、心网虫(Cardiodictyon)、啰哩山虫(Luolishania)、怪诞虫(Hallucigenia)及缓步动物(Tardigrata)等。由于一些微网虫有骨片的鳞，故有些学者将一些寒武纪早期有骨片的动物分类在此属中。叶足动物的体型一般大于2厘米，且能自由游泳或运动。目前所知的叶足动物都是掠食者。至于有关它们的生长、习性或与其他早期生物的关系则不得而知。
dinocaridida,恐虾动物门,https://ss0.bdstatic.com/94oJfD_bAAcT8t7mm9GUKT-xh_/timg?image&quality=100&size=b4000_4000&sec=1492697777&di=67a73589b0852ef19dc7e1392545908b&src=http://img.quwenlieqi.com/allimg/141028/1F2413B6-13.jpg,自然 生物物种 动物,暂无简介,暂无简介
xenusia,异虫动物门,http://cdn2.ettoday.net/images/705/d705547.jpg,自然 生物物种 动物,于2000年提出的新分类,他们的一个细长的主体（蠕形虫状），通常是圆柱形的，一口口锥或前体和一个带爪的一端与消化道的嘴和肛门直肠，非常多元化，形态非常不同。可能形成的骨片背甲长刺状。
onychophora,有爪动物门,https://timgsa.baidu.com/timg?image&quality=80&size=b9999_10000&sec=1492626283714&di=069ccf6364369ebcc65cd1d235d97120&imgtype=0&src=http%3A%2F%2Fguangdong.sinaimg.cn%2F2014%2F0424%2FU10729P693DT20140424105056.jpg,自然 生物物种 动物,有爪动物（学名Onychophora）是蜕皮动物（Ecdysozoa）中的一门，经常被简称为有腿的虫，种类极少，包括少数化石种类在内，共约90种。,"有爪动物门的动物极有可能和节肢动物（Arthropoda）和缓步动物门动物（Tardigrada）是近亲，它们共同构成泛节肢动物（Panarthropoda）。它们的祖先可能是在寒武纪叶足动物。在现代动物学中，它们奇特的繁殖方式引起了很多科学家的兴趣。1825年，Landsdown Guilding以科学的方式描述了该门的第一个属的动物，他当时认为这种动物是腹足纲（Gastropoda）动物，如蜗牛的变种。这种理论的根据是两者皆蠕虫样，有简单脑部、眼部结构，有体节，成对的排泄器官。但这些并不为最新的分类法所接受。后来“有爪虫纲”被独立成为“有爪动物门”。“有爪动物”（Onychophora）一词出现于1853年。全部产于热带，非洲中部、马来半岛、美洲中部均有分布，主要在南半球分布。有爪动物门的动物陆栖、夜行、肉食性，靠捕食小动物例如昆虫生活。它们身体内有腺体，会喷出一些粘稠的液体去粘住猎物然后进食。体呈蠕虫形，不分节。雌雄异体，多为胎生，直接发育。形态介于环节动物和节肢动物之间，兼具这两门动物的特征。"
schizoramia,裂肢动物门,https://timgsa.baidu.com/timg?image&quality=80&size=b9999_10000&sec=1493265531&di=35a59f832282d01922f852713ffad79c&imgtype=jpg&er=1&src=http%3A%2F%2Fs15.sinaimg.cn%2Fmw690%2F8d8bcdfbtx6COMkAJlk7e%26amp%3B690,自然 生物物种 动物,暂无简介,暂无简介
arthropoda,节肢动物门,https://timgsa.baidu.com/timg?image&quality=80&size=b9999_10000&sec=1492626304137&di=2eace2840fc8753f368a71a811436560&imgtype=0&src=http%3A%2F%2Fb2museum.cdstm.cn%2Ffossils%2Fwww%2Fimages%2Fj3.jpg,自然 生物物种 动物,节肢动物是动物的一类，由昆虫纲、甲壳纲、蛛形纲等外骨骼动物组成被称为节肢动物门（学名：Arthropoda）的分类单位。,"在动物界中所属物种最多的一门，已被人类命名的昆虫类就有超过75万种[1] [2] [3]。除昆虫外，常见的虾、蟹、蜘蛛、蜈蚣及已灭绝的三叶虫都属于节肢动物。节肢动物的特点为其分节的肢体，以及主要成分为α-甲壳素的角质层。甲壳生物的角质层中也包括了碳酸钙，是生物矿化的产物。节肢动物基本上都是有性繁殖、卵生的。也有孤雌生殖的现象。其身体表面有几丁质组成的外骨骼；随着身体的长大，需要经历蜕皮[注 1]的阶段，将旧的外骨骼脱掉。身体两侧对称，身体分节，像环节类动物，但部分体节融合成特别部位，如头部及胸部。有些节肢动物，例如蜘蛛类，头部及胸部进一步融合成头胸部。每个特化部位的机能亦作相应的变化。身体，取体节的反复构造，被外骨骼包围而形成身体表面的体节单位。体节之间关节可动。根据种类的不同，也有如果体节里面特定的东西组合能相合一下继续的外骨骼被覆盖等，外表上某在构成机能上的单位。譬如，有分成头部，胸部，腹部3部分，或头胸部，腹部的2部分的身体称呼，这个作为每节肢动物的各分类群的特征采用。身体的附肢，例如足部、触角、口器等都分节。 附肢的功能亦高度特化，负责感觉、行走、游泳、进食、以至生殖等。从各体节，有脚出。脚同样用外骨骼覆盖，脚上也有关节。一部分的分类群，成为由蛋孵化的幼体性成熟的成体的过程，有进行显著地形态变化的变态。甲壳类和昆虫类等。"
pentostomida,舌形动物门,https://timgsa.baidu.com/timg?image&quality=80&size=b9999_10000&sec=1492705599501&di=e1c6e27575e906a05d2280119817485f&imgtype=0&src=http%3A%2F%2Fa1.att.hudong.com%2F85%2F31%2F01200000032186136323314584132_s.jpg,自然 生物物种 动物,舌形动物类（学名：Pentastomida），又称五口动物类，是动物界的一个分类。这一种谜样的动物属于无脊椎动物，介乎于环节动物和节肢动物之间，均为寄生性动物。,"其特征是体软、扁而长，无色，透明，无足。身长从数毫米到十数厘米，体表分近百个清晰的节段，内部却并不分节。虫体前端口部突出，呈椭圆形，周围有两对可伸缩的钩，用以附着在寄主组织上。该门动物没有呼吸系统、排泄系统和循环系统，雌雄异体。本物种的名称是因为从其部分物种的外型酷似脊椎动物的舌头，因而为名；而其学名及另一名称“五口动物”的来源，则是因为其口器的五个钩，好像有五个口一样，因而为名。这五个“钩”，其实只有一个为口器，其余四个只是颚足。过往由于对本分类物种的分类不明，单单从外形来判断，所以将其归类到门一层。后来到了2001年，研究证据显示五口动物实为退化了的寄生性节肢动物，本物种生物跟其他物种的关系得到确认，所以被降至归入成为颚足纲的一员，是为舌形动物亚纲。现时本分类有物种约130个，皆为被动式寄生物，其部分解剖结果为退化性。成年的舌虫长约1至14厘米（0.4至5.5英寸） ，多数于宿主的呼吸系统黏付着。"
platyhelminthes,扁形动物门,https://timgsa.baidu.com/timg?image&quality=80&size=b9999_10000&sec=1492626369492&di=cd74fb59f5dc127b4f676cfb37bb36d9&imgtype=0&src=http%3A%2F%2Fimg0.ph.126.net%2FXcYgl5Dfu8GiOHygefiFYA%3D%3D%2F656118170729853627.jpg,自然 生物物种 动物,扁形动物门是动物界的一个门，无脊椎动物，是一类两侧对称，三胚层，无体腔，无呼吸系统、无循环系统，有口无肛门的动物。已记录的扁形动物约有15000种。,"生活于淡水、海水等潮湿处，体前端有两个可感光的色素点。体表部分或全部分布有纤毛。体形小至1毫米，大可至25公分。可在水中，地面生活，或行寄生生活初生表皮层全部为外胚层细胞，后来又中胚层细胞移入。躯干表面有纤毛表皮，可用于运动。皮层底下有长轴，环形和对角走向的肌肉，腹背部薄壁组织中的肌肉可拮抗静水压的作用，成为静水骨骼大部分为雌雄同体，体内受精。行断裂生殖。不完整的消化道"
mesozoa,中生动物门,https://timgsa.baidu.com/timg?image&quality=80&size=b9999_10000&sec=1492626390133&di=4b7c06afee460984292583a1280e5c11&imgtype=0&src=http%3A%2F%2Fa.hiphotos.baidu.com%2Fbaike%2Fc0%253Dbaike60%252C5%252C5%252C60%252C20%2Fsign%3D06efd34cb9014a9095334eefc81e5277%2F5882b2b7d0a20cf42955922176094b36adaf9902.jpg,自然 生物物种 动物,中生动物是一种多肉海洋无脊椎寄生动物，现今依然不清楚它们是退化了的扁形动物，还是独立发展出的。一般而言，这些细小、难以理解的生物是由包附在一个或多个生殖细胞上的纤毛种皮细胞所组成的。,"中生动物有着复杂的生命周期，会在无性和有性的阶段间交替。在头足类动物的肾内有许多类似虫一般，由固定数量的体细胞组成的生物（线形体）。在线形体的核心内有轴细胞，这些细胞会产生新的线形体。之后，线形体再转变成菱形体，以准备性发展。性发展起始于菱形体的轴细胞中一个称做 infusorigen 的区域内，在此处发展出阿米巴状的精子来。套细胞会转变成卵。精子由轴细胞中出去，并和卵结合而形成滴幼虫，然后幼虫会爬出来。最后，章鱼再次被年轻虫状的动物感染。中生动物一度被认为是原生生物和动物之间演化的一个过渡型态，但现在，它们则被认为是退化了或简化了的动物。它们的纤毛幼虫和吸虫的纤毛幼虫相似，且它们的内部增殖也和在吸虫体内发生的现象相似。中生动物 的　DNA 有较低的GC含量（40%）。此一数值和纤毛虫相似，但纤毛虫通常有双细胞核。其他和中生动物相关的还包括环节动物、纽形动物和真涡虫等类群。中生动物有两个主要的类群：菱形动物门和直泳动物门，有时也包括扁盘动物门和单胚动物门。单胚动物门只包含一个只在十九世纪时有过一次描述的物种，且自此便不曾再见过。因此，许多人怀疑它们是一个真实的类群。[2] 根据描述，这种动物只有单一层的组织。 "
orthonectida,直泳动物门,https://timgsa.baidu.com/timg?image&quality=80&size=b9999_10000&sec=1492626463610&di=af352abe254d1c2fb8f6eb6ccf71c957&imgtype=0&src=http%3A%2F%2Fphoto.hanyu.iciba.com%2Fupload%2Fchinesewiki%2F4%2FZ%2F4ZUa.jpg,自然 生物物种 动物,直泳动物门是由所知甚少的海底无脊椎动物寄生虫所组成的一个小门，是最简单的多细胞生物之一。,直泳动物门是由所知甚少的海底无脊椎动物寄生虫所组成的一个小门，是最简单的多细胞生物之一。寄生的生物有扁形动物、多毛纲的虫、双壳纲的软体动物和棘皮动物等。已知的物种大约有20种，其中以 Rhopalura ophiocomae 最为知名。
rhombozoa,菱形动物门,https://timgsa.baidu.com/timg?image&quality=80&size=b9999_10000&sec=1492704446747&di=56e821a355e6a546a8cac9c6d4149253&imgtype=0&src=http%3A%2F%2Fimgsrc.baidu.com%2Fforum%2Fw%253D580%2Fsign%3Da560dc1a0d2442a7ae0efdade142ad95%2F66a7912bd40735faddfca8209c510fb30e24085e.jpg,自然 生物物种 动物,菱形动物门（学名Rhombozoa），或二胚虫目（Dicyemida）是栖息在头足类肾附属物的一门寄生虫。二胚动物门其实是在菱形动物门之前命名的，但现今一般都会以菱形动物门来称呼这类动物。,"菱形虫门长约0.1—9.0毫米，在显微镜下可以清晰看见。它们的细胞数目恒定，约有由20-30个细胞组成，故很轻易分辨。外层是单层的具有纤毛的体细胞，包围着中央的轴细胞。前端有一个极帽，可以将它们连接在寄主的肾附属物表层上。菱形动物门同时有无性繁殖及有性繁殖的形态。[4]前者多在幼生及未成熟的寄主上出现，后者则会出现在成熟的寄主。无性繁殖的阶段称为线形体，它们会生产蠕虫状的幼虫，幼虫为熟会产生更多的线形体。[5]线形体可以在幼生头足类激增充满其肾。随着时间过去，当线形体的数量到达某程度时，蠕虫状幼虫会成熟及变成菱形体，进入有性繁殖阶段。菱形体包含了雌雄同体的滴虫形幼虫原体，可以生成滴虫形幼虫。[5]这些幼虫的形态很特别，以像车前灯的纤毛节来游泳。科学家一直假设这种滴虫形幼虫会随寄主排尿时一同被排出，且是一种扩散及感染的阶段。不过感染的方式及影响却依然是一个谜。菱形动物门在一些时期是会留在温带的底栖环境，其数量最为丰富。虽然有时在热带也会发现菱形虫门，但一般感染率都很低。菱形动物门从未在真正的海洋性头足类身上发现，因为它们是被纤毛亚门所寄生。大部分菱形动物门的物种都只在一或两个寄主物种中发现。它们虽然并非独特寄生的，却似乎却只寄生在某些相关的寄主身上。"
gastrotricha,腹毛动物门,https://timgsa.baidu.com/timg?image&quality=80&size=b9999_10000&sec=1492626530844&di=e5992941255bfe5a6cc57f895ff3463b&imgtype=0&src=http%3A%2F%2Fg.hiphotos.baidu.com%2Fbaike%2Fs%253D220%2Fsign%3D928a03057bcb0a4681228c3b5b62f63e%2Fb3b7d0a20cf431ad5596a2c64b36acaf2fdd988d.jpg,自然 生物物种 动物,腹毛动物门是动物界的一个门。是生活在海洋或淡水中的、身体腹面披有纤毛一类小型动物。大约有400种，一般认为是假体腔动物中最原始的一类。,"腹毛动物门是动物界的一个门。是生活在海洋或淡水中的、身体腹面披有纤毛一类小型动物。大约有400种，一般认为是假体腔动物中最原始的一类。腹毛动物超门分为2个亚门：大鼬目（Macrodasyida）：例如侧鼬虫（Pleurodasys）、大鼬虫（Macrodasys）、指足鼬虫（Dactylopodala）等。鼬虫目（Chaetonotida）：例如鼬虫、鳞皮鼬虫（Lepidodermella）等。"
bryozoa,苔藓动物门,https://timgsa.baidu.com/timg?image&quality=80&size=b9999_10000&sec=1492707189003&di=717df0c291d90efd1cccee37be514cf3&imgtype=0&src=http%3A%2F%2Fwww.zjhaigao.net%2Fbio%2Fswtd%2Fdongwu%2Ftaixianchongdongwumen%2Fimages%2F1-a2.jpg,自然 生物物种 动物,苔藓动物门（Bryozoa）动物界的一门，为真体腔动物。因肛门开口于触手冠之外，故有外肛动物门之称。已描述约2万种，其中现生种约占1/5。,苔藓动物门为群体，营固着生活，外形似苔藓植物，故名。大多数生活在温带海域，少数淡水产。群体的每个个体很小，不及l毫米。外被一由外胚层分泌的角质或钙质的虫室；个体头部不明显，前端体壁外突，于口周围形成圆形或马蹄形物，其上生有触手，触手具纤毛，这是触手冠，称为总担，为摄食器官。肛门开口于总担的外侧，故名外肛动物Ectoprocta。雌雄同体，通常以出芽生殖。现存种类约4000种，化石种有15000种。可分为2纲：被唇纲和裸唇纲。海产苔藓虫在船底及一些设施上形成特定的生物群落，造成不同程度的危害，阻碍养殖生物的生长发育，使产量下降。苔藓动物绝大多数都生活在海洋中 。多栖息在大陆架浅海。一般都固着在坚硬的附着基上，少数种类借附着机构定着于泥沙中。摄食水中的悬浮物。苔藓动物摄食水中的悬浮物。当触手冠伸出体外时，触手即伸展成触手钟，含有食物颗粒的水从触手冠上部进入触手钟内，然后聚集在口的上部，进入富有弹性的咽内，借咽的突然膨胀，吸入胃内。
cycliophora,环口动物门,http://h.hiphotos.baidu.com/baike/w%3D268%3Bg%3D0/sign=065047365dee3d6d22c680cd7b2d0a1f/d0c8a786c9177f3e3064a89c74cf3bc79e3d56ca.jpg,自然 生物物种 动物,环口动物门（微轮动物门），一类水生动物，身体长度小于0.5毫米，寄生于龙虾体内。,它们身体呈囊状，在生命周期的不同阶段具有不同的形态。环口动物发现于1995年，由于该类动物的特殊性，被列为单独的一个门。环口动物与轮形动物可能是近亲。
entoprocta,内肛动物门,https://timgsa.baidu.com/timg?image&quality=80&size=b9999_10000&sec=1492706943643&di=db4955628efb4b0fd49a3e8e06dd0286&imgtype=0&src=http%3A%2F%2Fimg.mp.itc.cn%2Fupload%2F20161020%2F1abaa69035034ccc9999d34517e99ebb_th.jpeg,自然 生物物种 动物,内肛动物门（学名：Entoprocta）是动物界的一个门。分类上曾一度把它们与外肛动物门合称为苔藓动物门（Bryozoa）。后来发现内肛动物为假体腔动物，而外肛动物为真体腔动物，现行分类已将这两类动物独立成门。,内肛动物大约有150多种，绝大多数体型不超过5mm。 内肛动物门，水生无脊椎动物，分布于全世界，主要见于海洋生境。有少数生活于淡水。内肛动物为单体或通过出芽方式形成相互交通的群体；其中，每个个体称为个员，高仅0.4～0.5毫米，有一条柄，可以互相结合，柄可附着在贝壳、海草或其他会产生水流的动物，如海绵、苔藓动物、水螅和环节动物上。身上有一个球状的头部（萼），其中包容一个U形的消化道以及神经、排泄和生殖系统。具纤毛的触手排成冠状，用以产生水流，将食物颗粒送入位于中央的口部。营群体生活的各类常将萼总抛弃，然后再生。营单体生活的种类可以生出子芽，子芽成熟后脱离母体。虽然内肛动物的幼体及其早期发育方式表明内肛动物可能与环节动物和与环节动物近缘的门有遥远的亲缘关系，但无证据表明内肛动物与任何门的动物为近缘。
rotifera,轮虫动物门,https://timgsa.baidu.com/timg?image&quality=80&size=b9999_10000&sec=1492706841914&di=6bba4c008a7d11b04f56624924230b5f&imgtype=0&src=http%3A%2F%2Fa0.att.hudong.com%2F87%2F62%2F01300000931071128140623343324.jpg,自然 生物物种 动物,轮形动物门（学名：Rotifera），又称轮虫动物门，是动物界的一个门。是主要生活在淡水中的小型动物，约有1800种左右。轮形动物在假体腔动物中是相当繁盛的一类。,身体短圆，有明亮的壳，两侧对称，身体的后端多数有尾状部；前端有一纤毛盘，具有运动功能；纤毛摆动时状如旋转的轮盘，所以得名；咽内具有咀嚼器，无真体腔。
acanthocephala,棘头动物门,https://timgsa.baidu.com/timg?image&quality=80&size=b9999_10000&sec=1492705683995&di=2ba0995797a04f1502c067060d368bb4&imgtype=0&src=http%3A%2F%2Fa2.att.hudong.com%2F05%2F54%2F01300538077160139058547664416_s.jpg,自然 生物物种 动物,棘头动物门是动物界的一个门。是一类身体前端有吻，吻上有钩刺的假体腔动物。,棘头动物属于寄生动物，吻上的钩刺用来抓住它的寄主的肠壁。它们具有复杂的生命周期，涉及到若干寄主，包括无脊椎动物、鱼类、两栖类、鸟类和哺乳类。大约只有700种。
micrognathozoa,微颚动物门,https://timgsa.baidu.com/timg?image&quality=80&size=b9999_10000&sec=1492705743398&di=b5ac03d496f2444561699f13cf368700&imgtype=0&src=http%3A%2F%2Fimgsrc.baidu.com%2Fbaike%2Fpic%2Fitem%2Fe824b899a9014c08d0a77d3e0a7b02087af4f489.jpg,自然 生物物种 动物,微颚动物门(Micrognathozoa)是1994年发现的一个门。目前只有一种动物Limnognathia maerski，由丹麦科学家在格陵兰北部的迪斯科岛地区的泉水里首次发现。,它被归入扁形动物超门。其身体小于1mm。颚的构造复杂，作为觅食工具通过过滤水流而获得食物。单性生殖。生活在严寒环境。
gnathostomulida,颚胃动物门,https://timgsa.baidu.com/timg?image&quality=80&size=b9999_10000&sec=1492626877319&di=5b563d58dad80e1704393dffd406c26c&imgtype=0&src=http%3A%2F%2Fb.hiphotos.baidu.com%2Fbaike%2Fpic%2Fitem%2F29381f30e924b899f89087c76e061d950b7bf6a5.jpg,自然 生物物种 动物,颚胃动物门（学名Gnathostomulida）是动物界的一个门。这类无体腔的动物体型很小，生活在浅海细砂间，于1956年发现。目前已记录了18个属，大约有100种。,颚胃动物门（学名Gnathostomulida）是动物界的一个门。这类无体腔的动物体型很小，生活在浅海细砂间，于1956年发现。目前已记录了18个属，大约有100种。
procoelomata,原腔动物门,https://timgsa.baidu.com/timg?image&quality=80&size=b9999_10000&sec=1492627011261&di=d0a7fdcb8f1b893e2f4cad19a37cfa84&imgtype=jpg&src=http%3A%2F%2Fimg4.imgtn.bdimg.com%2Fit%2Fu%3D1081391055%2C2980992606%26fm%3D214%26gp%3D0.jpg,自然 生物物种 动物,原腔动物门(Protocoelomata)：原腔动物又称假体腔动物或线形动物，是一类宠大而复杂的动物类群，种类达18000多种，形态差别很大，并且他们的发展历史不详，亲缘关系不明，但他们都有假体腔。,"1，具有原体腔（假体腔pseudocoelomate，初生体腔）1）概念：它是指体辟内侧中胚层和肠壁外侧内胚层之间的空腔，是囊胚腔的剩余部分.2）特点：①只有体壁中胚层，无肠壁中胚层②假体腔直接与肌肉为界，无中胚层形成的体腔膜和肠系膜③是一封闭的腔，充满体腔液.3）生物学意义：①体腔的出现，促进肠道与体壁独立运动②使内腔器官具有稳定内环境.原体腔的含义，特点，生物学意义是这章的重点！！2，体形圆柱形，体不分节，无明显头部，外覆角质膜.3，具完全消化系统：口→食道→中肠→直肠→肛门4，还未有专门的循环系统和呼吸系统：体腔液的流动起循环作用；体表呼吸，寄生种类厌氧呼吸.5，原肾管型的排泄系统：管型或腺型线虫的排泄器官属于原肾型，而结构不典型，是由腺型细胞或由细胞形成的管完成排泄功能.原始的种类只有1—2个大型的腺细胞进行排泄及水分调节，也称肾细胞（renette cell).另一些种，腺型肾细胞延伸成管型排泄器，多呈H型管.6，筒状神经系统：神经系统简单，由神经环，纵神经干，神经节构成，呈筒状."
nemertea,纽形动物门,https://timgsa.baidu.com/timg?image&quality=80&size=b9999_10000&sec=1492705802202&di=20e170219708c340ccdb3430e0966c61&imgtype=0&src=http%3A%2F%2Fi3.qhimg.com%2Ft01e06e0c697c96c909.jpg,自然 生物物种 动物,纽形动物门是动物界的一个门。是一类具吻的长带形动物，绝大多数为海洋底栖生活。,与扁形动物一样，纽形动物也是两侧对称、三胚层、无体腔的动物，但具有完整的消化道（即有口和肛门）、无心脏的循环系统、一个捕食及防卫的可伸缩的长吻，多数种类为雌雄异体，说明纽形动物较扁形动物更为进化，因此现行分类系统中都将纽形动物独立成一个门。
hyolitha,软舌螺动物门,https://timgsa.baidu.com/timg?image&quality=80&size=b9999_10000&sec=1492705830307&di=0bb3e02b8e2ddea1363730bf4283d046&imgtype=0&src=http%3A%2F%2Fimages.hdzc.net%2Fuploadfile%2F2017%2F0116%2F20170116030212774.png,自然 生物物种 动物,软舌螺动物（学名：Hyolitha）是一种从古生代开始出现的神秘动物，具有小圆锥形的螺壳。,"这些物种目前都已全部灭绝；其化石一般只能保存锥壳、口盖和附肢三个部分，外壳为钙质成分，两侧对称。根据形态学的分类，本物种是一类海生有壳的无脊椎动物，但再具体一点的分类众说纷纭：一种意见认为它是软体动物门之下的一个纲，另一种意见则认为它与软件动无本质上的联系，应属一个独立的门。近期以软组织化石分析发现软舌螺动物具有触手冠 (Lophophore) 这种进食器官，指出软舌螺动物其实应该独立为一门，而且和包含腕足动物门在内的触手冠动物 (Lophophorata) 较相近。软舌螺动物的碳酸钙质外壳很大可能是由霰石组成[6]。 有口盖保护，还有两条又名海伦体的弯弯附肢（helens）去支撑身体，以边缘增生的形式成长[6]。 体长一般在一公分到四公分，横切面呈三角形或椭圆形。部分物种有环纹或条纹。"
annelida,环节动物门,https://timgsa.baidu.com/timg?image&quality=80&size=b9999_10000&sec=1492708187144&di=728200d2bf7a1013d78b1c19e61ceeee&imgtype=0&src=http%3A%2F%2Fwww.pep.com.cn%2Fczsw%2Fjshzhx%2Fjxzt%2Fbnjsc%2Fxxdwhhjdw%2Fjxfz%2Fjcct%2F201409%2FW020140928372866942963.jpg,自然 生物物种 动物,环节动物门是动物界的1个门，该门动物为两侧对称、分节的裂生体腔动物，有的具疣足和刚毛，多闭管式循环系统、链式神经系统。目前已知的环节动物约有13000种。,"环节动物的消化道由口，咽，食道，腺囊，肌肉胃，中肠和肛门组成。循环系统由心脏，腹背两套血管和滋养器官的小型侧边血管组成。身体细长蚯蚓每一个体节里有两个后肾管，它们负责收集前一体节的体液。体液通过肾孔流到下一体节，途中经过盘曲的肾管，直到膀胱。然后通过肾孔排出体外。终尿里面是含氮的物质。而无机盐则会被肾管上皮重吸收回到血液。为了平衡通过皮肤吸收的水分，蚯蚓的尿液会稀释得很厉害。蚯蚓每天可排出约体重的60%稀薄尿液。后肾管被腹膜“绑”着固定于体腔壁上。环节动物的繁殖能力非常强：体节的分离和出芽生殖的无性生殖。但有性生殖也很重要。多毛纲的动物大多是雌雄异体。而原环虫纲则是雌雄同体。"
pogonophora,须腕动物门,https://timgsa.baidu.com/timg?image&quality=80&size=b9999_10000&sec=1492705862714&di=0169474b1a282154cce50b84fd946b5f&imgtype=0&src=http%3A%2F%2Fgenshuo.net.cn%2Fbook_cover%2Fbd11319047.jpg,自然 生物物种 动物,须腕动物门（Pogonophora）是动物界的1门，该门动物是一类海生、非常长的蠕虫形的后生动物，最长可达36cm；是唯一没有口和消化管的非寄生三胚层无脊椎动物。,"细长触手是须腕动物门的主要鉴别特征，须腕动物与其他动物类群的触手不同之处在于它们具有微小的羽枝，这些羽枝系由单一的表皮细胞延长而成，具有吸收营养物质的功能。须腕动物栖居在几丁质-硬蛋白构成的栖管内。管垂直插于海底淤泥或其他沉淀物里，部分管露出泥外。栖管外表细如玉米须或较粗；大多数属的栖管具褐色或黄色的色带。动物身体细而长，其多数种类的宽度（直径）不到1毫米，但体长却为体宽的100倍以上。须腕动物的真体腔和许多成虫的形态特征，表明它们与半索动物有亲缘关系。四部分①触手区，系动物体的前部（前体），具细长的触手，触手由圆形或三角形的位于触手区背面的头叶基部腹面伸出，从单一的螺旋形触手到多达200根以上排列成螺旋形圆柱体的触手。②系带区（中体），又称腺体区，位于触手区和生殖区（后体）之间，较短，其主要功能是分泌几丁质-硬蛋白构成栖管，在腹面有几丁质系带，当虫体以栖管前端伸出时，系带可依附在管壁上以支持虫体的活动。③生殖区，又称躯干部，极长，位于系带区之后，具许多外乳突和其他几丁质附着构造。④尾体，系动物体后末端的分节区。尾体系由5～23个体节构成，内部具隔膜，外部具刚毛，与环节动物的体节相似。尾体及其刚毛的功能可能是使动物锚定在栖管内，并有助于动物在海底淤泥中凿穴活动。尾体结构脆弱，当动物被外力拉于海底淤泥时，易与动物体断开而留在海底。须腕动物系雌雄异体；生殖孔的位置是其唯一的性别特征。生殖腺成双，圆柱形，位于生殖区的侧面。雄生殖孔开口于生殖区靠近系带区腹面的生殖突上，雌生殖孔开口于生殖区的中部。雄生殖管的末端部分把精子收集在精荚内；精荚具长尾。须腕动物的精子运输过程至今尚未观察到，但已知西伯加虫属的精荚是以触手运送至栖管管口的。受精过程尚未观察到，但在雌虫栖管内发现了发育的幼虫。卵子在雌虫栖管内孵育。卵子两侧对称；卵圆形或椭圆形，富含卵黄。卵裂方式是由辐射型或螺旋型发展而来的两侧对称型。无囊胚腔，以外包法形成原肠腔。从栖管收集到的后期胚胎具许多卵黄和两个纤毛环带。幼虫活动能力小，在附着以前一直呆在母虫栖管内。至于幼虫离开母虫栖管后，究竟借水流漂浮或是立即下沉到海底，尚不清楚。大多数须腕动物都栖息于海底淤泥中，生活在直立的栖管内。它们通常密集成群；有时数量多达每平方米200条。极少数种在烂木或其他碎屑间构筑栖管。栖管很长，一般长达10～85厘米，有的甚至超过2米。在栖管管壁上，常有腔肠动物、海绵和苔藓虫等附着。须腕动物几乎全为深水生物，其栖息深度均在100米以下，个别种能分布于深达9735米的海沟底，在高纬度地区常栖息于较浅的水域，而在低纬度地区则生活于深海海沟内。大多数须腕动物都分布于大陆坡以及大的岛屿周围，这和它们的营养方式密切有关。须腕动物可以从栖息地周围的淤泥中吸收溶解的有机质，因此须腕动物分布最多的海区，经常有大量的有机质；而这些有机质与海流的流向、流速和底质有着密切的关系。"
vestimentifera,前庭动物门,https://timgsa.baidu.com/timg?image&quality=80&size=b9999_10000&sec=1492706799641&di=059d1ea0048712d09874410e72384af9&imgtype=0&src=http%3A%2F%2Fp2.qhimg.com%2Fdmsmty%2F350_200_%2Ft01ecb6fb7bb3a4a22c.jpg,自然 生物物种 动物,暂无简介,暂无简介
echiura,螠虫动物门,https://timgsa.baidu.com/timg?image&quality=80&size=b9999_10000&sec=1492705904104&di=ac3330a8afef1eae0dc13882fe9450ea&imgtype=0&src=http%3A%2F%2Fd.hiphotos.baidu.com%2Fbaike%2Fw%253D200%2Fsign%3D35898ebdb9014a90813e41bd99763971%2F63d0f703918fa0ec23645502269759ee3d6ddb19.jpg,自然 生物物种 动物,螠虫动物门（学名Echiura）是动物界的一个小门，是一类生活中海洋中的底栖动物，主要生活在浅海的泥沙中、岩石缝中以及珊瑚礁或贝壳中穴居。目前已知的种类约有150种。,"螠类体长在15mm—500mm之间，多数不超过10cm，呈柱形或长囊形，身体由吻及躯干部组成，如螠（Echiurus）,吻是身体前端的扁平形突出物，实际是其头叶，与环节动物的口前叶同源。吻不能缩回躯干内，其边缘向腹面卷曲，中央形成一口道（gutter），表面具纤毛。吻的基部边缘愈合，围绕口形成一漏斗形。吻的端部呈铲状，但有的种吻端部呈双叉型，如叉螠（Bonellia）。吻的长度变化很大，一般短于躯干的1/2，但有的种吻极长，如叉螠躯干长8cm，而其吻可长达1m，一种日本螠（Ikeda）体长40cm，而其吻长1.5m，吻用以取食。身体一般呈淡灰色或褐色，某些种呈绿色、玫瑰色、或呈透明状。躯干部呈圆柱形，表面光滑，或散布有大量的乳突，或乳突成环状排列。乳突分泌的粘液可形成穴道。躯干部前端腹面具有二枚大的弯曲的刚毛，有的种尾端也有1—2圈小刚毛，这些刚毛也来自刚毛囊，并有肌肉控制其运动，用这些刚毛固着身体及清洁穴道。螠虫的体壁结构相似于环节动物，体表有薄的角质层（吻沟中没有），上皮细胞基部有色素颗粒，肌肉排列成片状或束状，其纵肌纤维发达。体腔发达，位于躯干部形成一宽阔的腔，周围有体腔膜，吻部有一些管或腔隙，与躯干部的体腔有隔板相分，但体腔液是相通的。从发生上看，吻部的腔隙来自胚胎期的囊胚腔，而躯干部的体腔来自中胚层形成的真体腔。体腔液中含有球形的体腔细胞，细胞中含有血红蛋白或色素颗粒。"
sipuncula,星虫动物门,https://timgsa.baidu.com/timg?image&quality=80&size=b9999_10000&sec=1492705935821&di=f601a196b9b177069cd88e5ec8e3ea01&imgtype=0&src=http%3A%2F%2Fwww.sznews.com%2Ftech%2Fimages%2Fattachement%2Fjpg%2Fsite3%2F20120329%2F001558d90b3310de043100.jpg,自然 生物物种 动物,星虫动物（学名：Sipuncula或Sipunculida）是海洋底栖的对称无环节动物，分布与生活环境及生活方式与螠类相似。,星虫动物（学名：Sipuncula或Sipunculida）是海洋底栖的对称无环节动物，分布与生活环境及生活方式与螠类相似。根据不同的分类或估计方式，现时本门物种从144到300种不等。比较知名的物种有：土钉虫和方格星虫。 星虫动物的学名Sipuncula的意思就是“小型的虹管”。 动物界的一个门，现时基于分子生物学的研究，可能会放到环节动物门之下成为一个“亚门”。
phoronida,帚虫动物门,https://timgsa.baidu.com/timg?image&quality=80&size=b10000_10000&sec=1492695904&di=c96f87b476bb3c95579aca1d6db514af&src=http://y0.ifengimg.com/cmpp/2014/08/04/08/3c626f04-ca37-4b5f-b774-24fc6ddd0804.jpg,自然 生物物种 动物,帚虫动物门（Phoronida)全部生活在热带和温带海底泥沙中，管栖。本门现存仅10种左右，身体蠕虫状，体长由数毫米到30CM不等，以触手取食，当受到刺激后，触手等全部缩入管中。,帚虫动物门体呈蠕虫状，长6～200毫米。管栖，管子由上皮分泌，成分为几丁质。全部生活在浅海海底泥沙中，上端外露。体前端具一马蹄形总担，由内外两行具纤毛的触手构成，围绕着口。口为横裂状，位两列触手之间；消化管U形，肛门在总担基部，口的一侧。次生体腔，被一稍斜行的隔膜分为前后两部，前部为体腔，后部为后腔，后腔又为背、腹、侧肠系膜隔成4个纵室。闭管式循环，无心脏，背、腹血管可以收缩。红血细胞含有血红蛋白。具后肾管一对，口形兼作生殖导管用。肾孔开口于肛门附近。多数种类雌雄同体，少数雌雄异作。雌雄同体种类的卵巢位侧血管的背侧，精巢位腹侧。卵裂有各种形式，有的为螺旋式卵裂，个体发生中经一似担轮幼虫的辐轮幼虫。神经系统简单，口后有一上皮内神经环，由此发出神经至身体各部。
brachiopoda,腕足动物门,https://timgsa.baidu.com/timg?image&quality=80&size=b9999_10000&sec=1492706063229&di=77c5325f7b76b5efa842a25da7992298&imgtype=0&src=http%3A%2F%2Fimgsrc.baidu.com%2Fforum%2Fw%253D580%2Fsign%3D674b8d5577094b36db921be593ce7c00%2F3b6495cad1c8a7869ff139846609c93d72cf50df.jpg,自然 生物物种 动物,腕足动物门（学名：Brachiopoda）是动物界的一个门，属于底栖、有一对硬壳的触手冠海产动物。,介壳两枚，大小相等或不等，掩盖背腹两面；介壳的形状和饰纹以及内部器官的构造，是鉴定腕足纲属、种的依据；身体柔软、左右对称；头顶有突出部；上生许多触手，称为“腕足”；消化道呈U字形弯曲，常缺少肛门；具有体腔和后肾。腕足动物的分类有其独特的不同之处：现时腕足动物的现存物种与化石物种有着不同的特色。其化石物种的外形变化很大，但其外壳只有少量特征；而现存物种的外壳变化不大，反而其软件及外壳均各有特征。若我们只专注于其中一类特征，均不能把另一类好好的分类。本门动物也经历了显著的趋同进化和逆转演化（这使较新的组别损失了原来在中间组别出现的特色，又或回复了原来只在较旧的组别出现的特点）。
mollusca,软体动物门,https://timgsa.baidu.com/timg?image&quality=80&size=b9999_10000&sec=1492706093302&di=4dd1bfd2fff880ccaa9adaa6b5314e6f&imgtype=0&src=http%3A%2F%2Fpic.58pic.com%2F58pic%2F15%2F34%2F69%2F05K58PICXmB_1024.jpg,自然 生物物种 动物,软体动物（Mollusca）是三胚层、两侧对称，具有了真体腔的动物。,软体动物的真体腔是由裂腔法形成，也就是中胚层所形成的体腔。但软体动物的真体腔不发达，仅存在于围心腔及生殖腺腔中。软体动物在形态上变化很大，但在结构上都可以分为头、足、内脏囊及外套膜4部分。头位于身体的前端，足位于头后、身体腹面，是由体壁伸出的一个多肌肉质的运动器官，内脏囊位于身体背面，是由柔软的体壁包围着的内脏器官，外套膜是由身体背部的体壁延伸下垂形成的一个或一对膜，外套膜与内脏囊之间的空腔即为外套腔。由外套膜向体表分泌碳酸钙，形成一个或两个外壳包围整个身体，少数种类壳被体壁包围或壳完全消失。这些基本结构在不同的纲中有很大的变化与区别。软体动物具有完整的消化道，出现了呼吸与循环系统，也出现了比原肾更进化的后肾（metanephridium）。
chaetognatha,毛颚动物门,https://timgsa.baidu.com/timg?image&quality=80&size=b9999_10000&sec=1492706124820&di=dfde9c96076c7e5e1ee6dba862142ebf&imgtype=0&src=http%3A%2F%2Fh.hiphotos.baidu.com%2Fbaike%2Fs%3D220%2Fsign%3Ddb8f55e597dda144de096bb082b6d009%2Fe1fe9925bc315c60e3f09a198db1cb13485477db.jpg,自然 生物物种 动物,毛颚动物是动物界的一个小门，以前认为是后口动物中的一个小分支，现在的研究发现可能不属于后口动物，总共只有50种，都是海洋生活的小型动物。,"毛颚动物是动物界的一个小门，以前认为是后口动物中的一个小分支，现在的研究发现可能不属于后口动物，总共只有50种，都是海洋生活的小型动物。除锄虫属毛颚动物为底栖生活之外，其余的都是浮游生活，它们在海洋浮游生物中占有重要的地位。不同的毛颚类动物在海洋中的分布受温度、纬度及盐度的制约，但有相当部分种类的分布是世界性的，热带海洋中的分布最为丰富。"
acoelomorpha,无腔动物门,https://timgsa.baidu.com/timg?image&quality=80&size=b9999_10000&sec=1492706178524&di=53fda690a3a8276d9d1217e1d279cace&imgtype=0&src=http%3A%2F%2Fwww.nigpas.cas.cn%2Fkxcb%2Fkpwz%2F201102%2FW020110211496408637660.jpeg,自然 生物物种 动物,无腔动物门（学名Acoelomorpha）是动物界下一受个争议的门。它们拥有像浮浪幼体的特征，以往被认为是属于扁形动物门，但有学者将它们成立为两侧对称动物下独自的门。,"经过miRNA分析结果，若按照亲缘分支分类法应分类于后口动物之下。无腔动物门差不多完全是水生的，栖息在沉积物中，游泳像浮游生物或在藻类上爬行。它们有平衡囊，可以帮助它们平衡。柔软的身体令学者很难将它们分类。无腔动物门非常细小，只长2毫米以下，没有消化道。消化是由合胞体产生的液泡来包围吞下的食物。液泡是没有上皮组织细胞围堵，不过有时会在口部会有咽连接液泡。所以它们的身体是实心的。无腔动物门在很多方面都很像扁形动物门，但其构造更为简单。它们像扁形动物门役没有循环系统、呼吸系统或排泄系统。它们没有真正的脑部或神经节，只在表皮下简单的神经网络。这个网络在前端略为密集。感官器官包括平衡囊，一些会有非常原始的单眼来感应光线。无腔动物门是雌雄同体的，但没有性腺，也没有雌性的繁殖系统。配偶子是由间叶细胞所生产，间叶细胞充满了它们表皮及消化液泡之间的身体。"
xenoturbellida,异涡动物门,https://timgsa.baidu.com/timg?image&quality=80&size=b9999_10000&sec=1492627281923&di=9e153da617cc7f0477c2abc1319aa851&imgtype=0&src=http%3A%2F%2Fp3.qhimg.com%2Fdr%2F250_500_%2Ft0110b88338475ffbbb.jpg,自然 生物物种 动物,"这种生物早在1949年就被发现了，不过，那时它被认为是一种原始的涡虫。此后也有研究认为这是一种软体动物(Noren & Jondelius,1997)，不过它的身体构造却与软体动物有极大的差异。"," 直到2003年根据DNA研究的结果，异涡虫被确认为一类独立的后口动物，并确认其主要以软体动物的卵为食品，正因为如此，导致大量软体动物的DNA混入其标本中，从而导致此前被误认为是软体动物。经过更加详细的研究后，建立了仅有异涡虫的异涡动物门（Bourlat et al., 2006）。异涡虫根据18S rRNA被分在后口动物基部。长度约为4厘米，身体呈两侧对称。身体结构简单，其没有大脑、消化道、排泄系统和性腺（但在囊中有配子、卵子和晶胚产生。具有扩散神经系统和纤毛。异涡动物门下仅有1属2种，在瑞典、苏格兰、冰岛和挪威的附近海域有发现。"
vetulicolia,古虫动物门,https://timgsa.baidu.com/timg?image&quality=80&size=b9999_10000&sec=1493300941&di=562eda7f1a2b5f18500957acab6d7ac0&imgtype=jpg&er=1&src=http%3A%2F%2Fa4.att.hudong.com%2F58%2F96%2F01300000209999121686964801880.jpg,自然 生物物种 动物,古虫动物门（Vetulicolia）是一个已经完全灭绝的动物门类，在分类学上可能属于后口动物的基部，包括十几个来自寒武纪的化石种。古虫动物门是由中国西北大学与地质大学的舒德干教授等人于 2001 年建立的。,"古虫动物基本特征是躯体分节，并由前体和后体两部分组成。前体为消化道的前段（咽部），口开于前体前端，背区和腹区由5对鳃囊构造组成的鳃区所分隔；后体(尾部)为消化道的后段（即肠部），肛门末位。绝大多数古虫类动物的后体由7节甚至更多的体节构成。有些种类的后体有不同程度的硬化。古虫动物都具有背区和腹区的分化、5对鳃囊和鳃裂构造等基本身体构造，根据后体构造不同，可分为古虫纲（Vetulicolida Chen & Zhou, 1997）、斑府虫纲（Banffozoa Carson, 2006）、异形虫纲（Heteromorphida Shu, 2005）。"
homalozoa,海果动物门,https://timgsa.baidu.com/timg?image&quality=80&size=b9999_10000&sec=1492627355972&di=e430aaa1d0468a3ee7282fdff7c48128&imgtype=0&src=http%3A%2F%2Fi.ssimg.cn%2Fsscms%2F2013%2F07%2F28%2F7dd6dd759ead421d9b10651674220814.jpg,自然 生物物种 动物,海果类动物形态独特，壳体背腹扁平，形状不规则，缺乏对称性，或可呈两侧对称。多具腕或腕突，后端具一长短不等的茎尾，水管系统不明。,海果类动物形态独特，壳体背腹扁平，形状不规则，缺乏对称性，或可呈两侧对称。多具腕或腕突，后端具一长短不等的茎尾，水管系统不明。可能为平卧海底生活，以茎尾锚定。海果类动物的奇特之处在于它们完全不对称。这种动物是海胆的远亲，3.5亿年到5亿年前生活于北半球的海洋之中。一些科学家认为，它们看起来像是畸形的带壳蝌蚪。海果类动物可能是脊椎动物的祖先。
echinodermata,棘皮动物门,https://timgsa.baidu.com/timg?image&quality=80&size=b9999_10000&sec=1492706976400&di=854568df56702886471d4b16b4495d05&imgtype=0&src=http%3A%2F%2Fwww.uua.cn%2Fuploadfile%2F2014%2F0421%2F20140421015344355.jpg,自然 生物物种 动物,棘皮动物门是动物界的一门。这个门从寒武纪出现，总共有20000多种类，现生种约5000余种。除现生5纲外，另有15纲之多，皆为海生动物，无陆生或淡水种类。常见的海胆与海参皆属于此门。,"棘皮动物是后口动物。它们的原肠胚孔形成肛门，而口部是后来形成的。它们有特殊的五体对称步管结构。棘皮动物的次生体腔发达，是由肠体腔（enterocoele）发育形成。由于棘皮动物在胚胎形成方式及DNA序列上与脊索动物相似，被认为是包括人在内的脊索动物的近亲。棘皮动物特有的结构是水管系统和管足。刚出生的棘皮动物是两边对称的。成长期间，左边增大而右边缩小，直到右边被完全吸收了，然后这一边长成五倍辐形对称形状。"
hemichordata,半索动物门,https://timgsa.baidu.com/timg?image&quality=80&size=b9999_10000&sec=1492707002974&di=e1720dbd36cb7a673e8e3e9d5f938955&imgtype=0&src=http%3A%2F%2Fp1.qhimg.com%2Fdmsmty%2F350_200_%2Ft018a11dfef79a49879.jpg,自然 生物物种 动物,半索动物门是由一类像虫一般，生存于海底的后口动物所组成的门，通常被认为是棘皮动物的旁系群，可追溯至寒武纪早期或晚期，且包括一类已在泥盆纪时灭绝的重要化石－笔石纲。,"半索动物门是由一类像虫一般，生存于海底的后口动物所组成的门，通常被认为是棘皮动物的旁系群，可追溯至寒武纪早期或晚期，且包括一类已在泥盆纪时灭绝的重要化石－笔石纲。半索动物门可分成三个纲：肠鳃纲（通常称做柱头虫）、羽鳃纲和笔石纲。第四个纲－浮球纲，是基于只知道其幼虫的单一物种而提出的。半索动物门包括大约一百种现存物种，其在分类上的精确位置和此一类群是否为单系群，仍然存在着许多争议。其中有一种猜想为，羽鳃纲其实是更基层的后口动物，而肠鳃纲则是由一个最后导致脊索动物门的支系在早期所分出来的分支。柱头虫身体呈长柱形，分吻、领和躯干三部分，长达40厘米；全身黄色，柔软，容易切断；产于中国青岛一带，定居在海滩泥沙中。玉钩虫与柱头虫相似，但体较短，吻较长，也产于青岛一带，是国家二级保护动物。"
enteropneusta,肠鳃动物门,https://timgsa.baidu.com/timg?image&quality=80&size=b9999_10000&sec=1492707035029&di=4c59ccc0384ae9819b04c1744319f4fc&imgtype=jpg&src=http%3A%2F%2Fimg2.imgtn.bdimg.com%2Fit%2Fu%3D3537897062%2C2118077002%26fm%3D214%26gp%3D0.jpg,自然 生物物种 动物,身体左右对称，体长十几厘米至几十厘米，状似蠕虫。,身体是由吻部、颈、躯干三部分组成的。吻呈圆柱头形或长卵形，内脏是水腔（hydrocoel），以背面的水孔与外界相通；颈部和躯干均具有真体腔，相当于原腔动物的前体腔（Protocoel）、中体腔（mesacoel）和后体腔（metacoel。在吻的基部腹面与颈部之间有口。在直行的消化管的前端前面正中线上有一条短的盲管（称为腹脊索stomochord），可看作是 肠鳃类  脊索的一种形态代表，而称此举为拟索类（Adelochor-da）。但它和脊索并不相同。在咽的侧面排列着许多马蹄形的鳃裂，构成了鳃区。在鳃区后方有肝脏所在的肝区，肛门位于身体后端的背侧。神经管在消化管的背侧，血管系的主体则在腹侧，这些除原索动物外，与其他脊椎动物的位置完全相反。肠鳃类动物为雌雄异体，许多小囊状的生殖腺呈纵裂，从鳃区排列至肝区。直接发生或经过柱头幼虫阶段。
pterobranchia,羽鳃动物门,https://timgsa.baidu.com/timg?image&quality=80&size=b9999_10000&sec=1492627563258&di=bdba13c7719c170d92d8112a37ec06ea&imgtype=0&src=http%3A%2F%2Fwww.zbqsw.com%2Fuploadpic%2F2008010211034445113.jpg,自然 生物物种 动物,羽鳃类大多数生活在较深的海水中，种类很少，个体一般在1—5mm之间。,体外有分泌的管，以柄附着在海底。个体一般在1—5mm之间，例如杆壁虫（Rhabdopleura）。群体生活时，有匍匐管使个体相连。每个个体外均有虫管，身体亦分为吻、领及躯干三部分，亦为三分体腔。吻成楯形，用以在管内吸着，向腹面倾斜，基部有口。领靠背面伸出两个腕，腕的两侧为密生纤毛的触手，腕与触手中空，内有体腔伸入。触手数目随年龄而增加，粘着在触手上的食物颗粒经过腕中间的沟而进入口。杆壁虫无鳃裂，但有的种有一对鳃裂，且腕的数目为5—9个，例如头盘虫（Cephalodiscus）。杆壁虫吻的基部亦有口索，消化道呈U形，肛门开口在领的背面。雌雄异体，有一纤毛幼虫，固着后以出芽方式形成群体。头盘虫及无管虫（Atubaria）为单体或聚集生活，有柄。
graptolithina,笔石动物门,https://timgsa.baidu.com/timg?image&quality=80&size=b9999_10000&sec=1492627632973&di=7b50cd5bec22a9f11d2f3b46fde94604&imgtype=jpg&src=http%3A%2F%2Fimg1.imgtn.bdimg.com%2Fit%2Fu%3D2480990518%2C4096140908%26fm%3D214%26gp%3D0.jpg,自然 生物物种 动物,是一类已灭绝的半索动物，生存于寒武纪中期至石炭纪早期。因形似描在岩石上的象形文字而得名。笔石纲具复杂的茎系构造、表皮纺锤层和外皮层的存在等，与翼鳃类的杆壁虫非常相似。,"均为海生，多为漂浮生活，也有固着海底者。生于浅海，分布极广，始于寒武纪中期，奥陶纪及志留纪最盛，泥盆纪晚期衰退，至石炭纪晚期全部灭绝。笔石体最初都由一个圆锥形胎管生出。胎管出芽生出第一个胞管，许多胞管接连生长，排成一条，叫笔石枝，一个笔石体包含一个或多个笔石枝。胎管可分为原胎管和亚胎管两部分。原胎管向顶端变细，并延伸成纤细的线管，线管被笔石体所包裹则成中轴。亚胎管口部向下成为胎管刺，其口缘可延伸成为口刺。胞管是组成笔石体的基本单位，是笔石虫体的住室，在外形上它与胎管相似，但是内部结构不同。其表皮由外皮层和纺锤层两层组成。纺锤层系由许多平行的半环条带叠置而成，背腹两侧交接成为犬牙交错的缝合线，其情况和亚胎管的构造相同。在树形笔石目中发现有3种胞管：即正胞管、副胞管和茎胞管。从前一代茎胞管的口部同时芽生出次一代的3个胞管，即一个正胞管、一个副胞管和一个茎胞管。正笔石目仅有一种胞管，即正胞管，通称胞管。这种胞管也可分为两部分，即始部的原胞管和末部的亚胞管。原胞管相当于茎胞管，亚胞管相当于正胞管。胞管开口的一面为笔石枝的腹侧，相对的一面为背侧。靠近笔石枝背部，许多胞管的始部（即原胞管）互相连贯串通的地方，称为共通沟。早奥陶世笔石的胞管，多是简单的直管状，但奥陶纪早期的中国笔石科胞管发生褶曲；在奥陶纪中、晚期的笔石胞管多向内侧（背侧）弯曲，叫内弯；在志留纪，笔石胞管多向外侧（腹侧）弯曲，叫外弯。正笔石类胞管的形状变化很大，可分为十几种胞管形状：均分笔石式，纤笔石式，雕笔石式，栅笔石式，叉笔石式，瘤笔石式，中国笔石式，单笔石式，卷笔石式，耙笔石式，半耙笔石式胞管等，在笔石的鉴定和分类上胞管类型是重要的依据。笔石枝由胞管组成，其生长方向各有不同。以胎管尖端向上，口部向下为准，可分为下垂式、下斜式、下曲式、平伸式、上斜式和攀合式。奥陶纪早期的笔石以非攀合式为主，而志留纪以后的笔石全部为攀合式。"
conodonta,牙形石动物门,https://upload.wikimedia.org/wikipedia/commons/4/40/Promissum_NT_small.jpg,自然 生物物种 动物,已知的化石记录的牙形石动物鳗鱼一样的生物，大概平均40厘米长，现在普遍认为牙形石有一双大眼睛，用鳍鳍，锯齿形的肌肉、脊索。,Conodont teeth are the earliest found in the fossil record.[8] The evolution of mineralized tissues has been puzzling for more than a century. It has been hypothesized that the first mechanism of mammalian tissue mineralization began either in the oral skeleton of conodont or the dermal skeleton of early agnathans.The element array constituted a feeding apparatus that is radically different from the jaws of modern animals. They are now termed "conodont elements" to avoid confusion. The three forms of teeth， i.e.， coniform cones， ramiform bars， and pectiniform platforms， probably performed different functions.For many years， conodonts were known only from enigmatic tooth-like microfossils (200 micrometers to 5 millimeters in length[9])， which occur commonly， but not always in isolation， and were not associated with any other fossil. Until the early 1980s， conodont teeth had not been found in association with fossils of the host organism， in a konservat lagerstätte.[10] This is because most of the conodont animal was soft-bodied， thus everything but the teeth was unsuited for preservation under normal circumstances.These microfossils are made of hydroxylapatite (a phosphatic mineral).[11] The conodont elements can be extracted from rock using adequate solvents.[12][13][14]They are widely used in biostratigraphy. Conodont elements are also used as paleothermometers， a proxy for thermal alteration in the host rock， because under higher temperatures， the phosphate undergoes predictable and permanent color changes， measured with the conodont alteration index. This has made them useful for petroleum exploration where they are known， in rocks dating from the Cambrian to the Late Triassic.
chordata,脊索动物门,https://timgsa.baidu.com/timg?image&quality=80&size=b9999_10000&sec=1492707088607&di=987c2edc94be2a41ea64b33a52763cb1&imgtype=0&src=http%3A%2F%2Fnews.xinhuanet.com%2Ftech%2F2013-10%2F23%2F125583784_10_n_1n.jpg,自然 生物物种 动物,脊索动物门（学名：Chordata）是动物界最高等的门。脊索动物的共同特征包括：在生活史中的某个阶段具有脊索、中空的背神经管、咽鳃裂以及肛后尾。,"脊索动物门可以分为尾索动物亚门、头索动物亚门和脊椎动物亚门三个亚门。其中尾索动物亚门和头索动物亚门可以合称为“原索动物”，生活在海洋中。尾索动物幼虫期具有脊索和神经索，但在成体消失。头索动物终生保留脊索和神经索。在脊椎动物中，脊索的作用由骨质脊柱代替。少数学者提出将半索动物门也置于脊索动物门下，并命名为口索动物亚门。通常说的脊椎动物学是指研究脊索动物的一个动物学分支，而非仅研究脊椎动物亚门。"
urochorda,尾索动物门,https://timgsa.baidu.com/timg?image&quality=80&size=b9999_10000&sec=1492707126437&di=ff1985774ab8718eac09fbb47657a9ea&imgtype=0&src=http%3A%2F%2Fd.hiphotos.baidu.com%2Fbaike%2Fpic%2Fitem%2F728da9773912b31bdb9666d68618367adbb4e153.jpg,自然 生物物种 动物,身体表面披有一层棕褐色植物性纤维质的囊包，也称被囊动物（Tunicata）。单体或群体，营自由或固着生活的海生动物，体形常随生态而异。身体表面披以一层棕褐色植物性纤维质的囊包，故名。,"身体有2孔，一为入水孔（口孔），用于摄食和进水，一为出水孔（排泄孔） 代表种&amp;amp;amp 代表种&amp;amp ，用于排除水和废物。口在入水孔下面，口下面为宽大的咽,具很多鳃裂,鳃裂周围密生纤毛，借纤毛摆动，使水由咽不断经过鳃裂流到围鳃腔，而进行呼吸作用，围鳃腔是体壁内围绕咽的部分，鳃裂开口于此腔内，肛门和生殖孔亦开口于此。围鳃腔由出水孔与外界相通。咽的腹面直到食道有一特殊构造，称为内柱，内柱上皮细胞生有许多纤毛，并有分泌粘液的腺细胞把流进咽中的微小浮游生物粘住，靠纤毛的摆动，把食物送进食道，消化不了的食物，随水流由出水孔排出体外。 心脏位于胃附近的1个肌肉囊内，无收缩机能，借围心腔壁的肌肉而缩张。囊的两端分出血管通到身体各部，血流方向不定，每条血管都轮流作为动脉或静脉。血液无色。 成体的颌都很退化，在咽的背侧有1个神经节，分出神经通到身体各部,在神经节的腹面有1 神经下腺。感觉器官仅在外套膜、入水孔和出水孔有分散的感觉细胞。无成形的排泄器官，在肠的弯曲部有一囊状块，无特殊的输出管，在里面常发现有尿酸。 绝大多数雌雄同体，精巢和卵巢位于胃的附近，依靠水流将另1个体的精子通过入水孔带进围鳃腔，卵和精子在此处受精。受精卵通过出水孔流出体外，在海水中发育。除外，还有出芽或分裂的。有世代交替现象。"
cephalochordata,头索动物门,https://timgsa.baidu.com/timg?image&quality=80&size=b9999_10000&sec=1492707153131&di=aef08477d1da48ee0da681231b4ca381&imgtype=0&src=http%3A%2F%2Fimgsrc.baidu.com%2Fforum%2Fw%253D580%2Fsign%3D3cee311779ec54e741ec1a1689399bfd%2F9258d109b3de9c82cc8945a66e81800a19d8432e.jpg,自然 生物物种 动物,身体似鱼但无真正的头，终身都有一条纵贯全身的脊索，背侧有神经管，咽部具许多条鳃裂。其典型代表种文昌鱼（Branchostoma）。,其典型代表种Branchostoma(文昌鱼）；体呈鱼形，长40毫米左右，侧扁，头尾尖削，无头与躯干部之分，故名。体半透明，呈透明，呈微红色，生活于浅海疏松的沙滩里，常钻孔。以矽藻等为食。 头索动物亚门 头索动物亚门(6张) 沿背侧有一纵行皮肤褶皱，称为背鳍；再后延至尾部高起，成为尾鳍，作矛形。自尾鳍腹面向前至体后约1/3处的皮肤褶襞，称为腹褶（metapleure）。左右两腹褶向后的汇合处是为腹孔，或围鳃腔孔（abdominal pore），腹鳍与尾鳍之间的小孔，为肛门。头部前端突出部位为吻。其后的腹面有一环形薄膜，成为口笠。其边缘生有36-50条触须。口笠的内腔称为前庭。 神经管的形成：原肠胚背中线的外胚层细胞向内凹陷，形成神经板，其两同时翘起形成一对纵褶，叫神经褶。神经褶又相向生长，在神经板背侧愈合；神经板 两侧亦向上包围生长；彼此接合。于是在背面出现一条中空的管道，即神经管。 脊索与中胚层的发生：在神经管形成的同时，原肠腔的背面、神经板下方的内胚层细胞向背方突出，逐渐脱离内胚层形成一条纵贯的脊索；在脊形成的同时，脊索突 起的两侧也发生若干成对的分节状突起，最后脱离内胚层，自成一腔囊，叫体腔囊，也以是中胚层。将来发育成为体腔。内胚层除了分离成脊索和中胚层外，其他部分则形成肠管的内壁。 因具有纵贯体躯一直达到前端的脊索而得名；头无明显分化，与体躯不能截然分开，故又名无头类，通称文昌鱼、矛形鱼。头索动物终生具有纵贯背部，起支撑作用的脊索；有背神经管和咽鳃裂。这些在高等脊索动物中只存在于胚胎或幼虫期，成体消失或分化为更高级的器官。
vertebrata,脊椎动物亚门,https://timgsa.baidu.com/timg?image&quality=80&size=b9999_10000&sec=1492627737440&di=0751e0cd39244230d4b9246590094024&imgtype=0&src=http%3A%2F%2Fs10.sinaimg.cn%2Fmw690%2F002Upswfzy74VnjO8pr49%26690,自然 生物物种 动物,脊椎动物亚门是脊索动物门下的一个亚门。拉丁文学名是Vertebrata，词根是“vertebra”，意为脊椎骨。目前所知最早的脊椎动物是中国云南省昆明发现的丰娇昆明鱼，距今约五亿三千万年前。,"和节肢动物壳长在体外或软体动物无骨骼不同，脊椎动物亚门的动物的脊椎都包在骨头里面，是脊索动物门中最大和最先进的亚门。这个亚门的成员拥有的肌肉大多数是一对一对的肌肉。神经系统有一部分在脊梁骨中间。循环系统较完善，有心脏可以促进血液循环。脂肪组织是绝大多数脊椎动物特有的构造，可以使之一段时间不进食，而不会能量耗竭而死。脊椎动物亚门动物的脊椎是体内骨，有软骨也有硬骨。在动物成长时，这个骨架支持体型。因此脊椎动物可以比无脊动物长得大，而且平均体量也比较大。脊椎动物一般左右对称，全身份为头、躯干、尾三部分，躯干又被横膈膜分成胸部和腹部。它们有比较完善的感觉器官、运动器官和高度分化的神经系统。大多数的脊柱动物的骨架包括头骨，脊梁骨和两对躯肢。有些比较晚期的脊椎动物没有两对手脚，如鲸和蛇。在演化之后已经不再需要了。脊椎动物包括鱼类、两栖动物、爬行动物、鸟类和哺乳动物等五大类。"
